Method, Matrix Size, Teams, Kernel (s), GFLOPS/s
mkn_offload, 1000, 1, 0.008005, 249.843847
mnk_offload, 1000, 1, 0.003325, 601.503759
mkn_offload, 1000, 32, 0.008009, 249.719066
mnk_offload, 1000, 32, 0.002819, 709.471443
mkn_offload, 1000, 64, 0.008094, 247.096614
mnk_offload, 1000, 64, 0.002890, 692.041522
mkn_offload, 1000, 114, 0.008040, 248.756218
mnk_offload, 1000, 114, 0.003190, 626.959247
mkn_offload, 1000, 228, 0.007998, 250.062515
